Carrier Code,Date (MM/DD/YYYY),Flight Number,Tail Number,Destination Airport,Scheduled departure time
"AA","07/01/2021","0500","N806NN","MIA","00:45"
"AA","07/01/2021","0527","N554UW","PHX","08:55"
"AA","07/01/2021","0573","N983NN","CLT","06:55"
"AA","07/01/2021","0794","N916US","LAX","14:40"
"AA","07/01/2021","0850","N943NN","LAX","19:03"
"AA","07/01/2021","0867","N839AW","LAX","07:15"
"AA","07/01/2021","1067","N931AM","DFW","06:00"
"AA","07/01/2021","1094","N930AU","DFW","16:37"
"AA","07/01/2021","1222","N980UY","DFW","08:00"
"AA","07/01/2021","1309","N807AW","PHX","17:16"
"AA","07/01/2021","1313","N521UW","PHL","11:58"
"AA","07/01/2021","1316","N967AN","CLT","11:49"
"AA","07/01/2021","1317","N987AN","ORD","20:22"
"AA","07/01/2021","1320","N509AY","DFW","09:02"
"AA","07/01/2021","1321","N179UW","DFW","14:44"
"AA","07/01/2021","1322","N170US","DFW","18:33"
"AA","07/01/2021","1328","N912UY","CLT","09:56"
"AA","07/01/2021","1332","N151AN","PHX","13:34"
"AA","07/01/2021","1379","N580UW","LAX","17:37"
"AA","07/01/2021","1404","N925UY","PHX","06:05"
"AA","07/01/2021","1475","N983NN","CLT","14:04"
"AA","07/01/2021","1654","N945AN","CLT","00:53"
"AA","07/01/2021","1713","N118NN","PHL","13:30"
"AA","07/01/2021","2235","N973AN","DFW","19:55"
"AA","07/01/2021","2357","N161AA","DFW","10:45"
"AA","07/01/2021","2361","N998AN","ORD","14:41"
"AA","07/01/2021","2363","N906AA","ORD","17:50"
"AA","07/01/2021","2367","N324RN","MIA","13:20"
"AA","07/01/2021","2368","N191UW","ORD","11:15"
"AA","07/01/2021","2372","N305NX","CLT","15:56"
"AA","07/01/2021","2580","N583UW","DFW","07:00"
"AA","07/01/2021","2672","N904AA","PHL","07:00"
"AA","07/01/2021","2771","N927NN","ORD","06:19"
"AA","07/02/2021","0527","N539UW","PHX","08:55"
"AA","07/02/2021","0573","N850NN","CLT","06:55"
"AA","07/02/2021","0794","N970NN","LAX","14:42"
"AA","07/02/2021","0850","N894NN","LAX","19:03"
"AA","07/02/2021","0867","N156UW","LAX","08:50"
"AA","07/02/2021","1067","N150NN","DFW","06:00"
"AA","07/02/2021","1094","N179UW","DFW","16:42"
"AA","07/02/2021","1222","N926UW","DFW","08:00"
"AA","07/02/2021","1317","N816NN","ORD","20:28"
"AA","07/02/2021","1320","N174US","DFW","09:02"
"AA","07/02/2021","1321","N997AA","DFW","14:44"
"AA","07/02/2021","1322","N126AN","DFW","18:36"
"AA","07/02/2021","1328","N586UW","CLT","09:56"
"AA","07/02/2021","1332","N929AA","PHX","13:34"
"AA","07/02/2021","1379","N154UW","LAX","17:37"
"AA","07/02/2021","1404","N198UW","PHX","06:10"
"AA","07/02/2021","1475","N858NN","CLT","14:04"
"AA","07/02/2021","1654","N833NN","CLT","00:53"
"AA","07/02/2021","1713","N906AA","PHL","13:30"
"AA","07/02/2021","2142","N900UW","DFW","12:50"
"AA","07/02/2021","2235","N959AN","DFW","19:55"
"AA","07/02/2021","2357","N174US","DFW","10:45"
"AA","07/02/2021","2361","N158AN","ORD","14:41"
"AA","07/02/2021","2363","N163AA","ORD","17:50"
"AA","07/02/2021","2367","N327SK","MIA","13:55"
"AA","07/02/2021","2368","N191UW","ORD","12:06"
"AA","07/02/2021","2372","N956AN","CLT","15:56"
"AA","07/02/2021","2580","N519UW","DFW","07:00"
"AA","07/02/2021","2672","N932AM","PHL","07:20"
"AA","07/02/2021","2771","N947AN","ORD","06:19"
"AA","07/02/2021","2859","N199UW","PHL","11:58"
"AA","07/02/2021","2923","N806AW","PHX","17:05"
"AA","07/03/2021","0500","N942NN","MIA","00:45"
"AA","07/03/2021","0527","N557UW","PHX","08:55"
"AA","07/03/2021","0573","N913NN","CLT","06:55"
"AA","07/03/2021","0794","N855NN","LAX","14:42"
"AA","07/03/2021","0867","N854NN","LAX","06:00"
"AA","07/03/2021","1067","N161UW","DFW","06:00"
"AA","07/03/2021","1094","N990AU","DFW","16:42"
"AA","07/03/2021","1222","N194UW","DFW","08:00"
"AA","07/03/2021","1316","N956AN","CLT","11:44"
"AA","07/03/2021","1320","N552UW","DFW","09:02"
"AA","07/03/2021","1321","N604AW","DFW","14:44"
"AA","07/03/2021","1322","N187US","DFW","18:36"
"AA","07/03/2021","1328","N916US","CLT","09:56"
"AA","07/03/2021","1332","N159AN","PHX","13:34"
"AA","07/03/2021","1379","N970UY","LAX","17:37"
"AA","07/03/2021","1404","N150UW","PHX","06:10"
"AA","07/03/2021","1475","N314PD","CLT","14:04"
"AA","07/03/2021","1654","N927NN","CLT","00:53"
"AA","07/03/2021","2142","N161UW","DFW","12:50"
"AA","07/03/2021","2235","N805NN","DFW","19:55"
"AA","07/03/2021","2357","N926UW","DFW","10:45"
"AA","07/03/2021","2361","N933AM","ORD","14:41"
"AA","07/03/2021","2367","N308RD","MIA","13:55"
"AA","07/03/2021","2368","N927UW","ORD","12:06"
"AA","07/03/2021","2372","N949NN","CLT","15:56"
"AA","07/03/2021","2580","N174US","DFW","07:00"
"AA","07/03/2021","2672","N199UW","PHL","07:20"
"AA","07/03/2021","2771","N929NN","ORD","06:19"
"AA","07/03/2021","2859","N145AN","PHL","11:58"
"AA","07/04/2021","0500","N854NN","MIA","00:45"
"AA","07/04/2021","0527","N979UY","PHX","08:55"
"AA","07/04/2021","0573","N908NN","CLT","06:55"
"AA","07/04/2021","0850","N864NN","LAX","19:03"
"AA","07/04/2021","0867","N925NN","LAX","06:00"
"AA","07/04/2021","1067","N167AN","DFW","07:00"
"AA","07/04/2021","1094","N928AM","DFW","16:42"
"AA","07/04/2021","1316","N913US","CLT","11:44"
"AA","07/04/2021","1317","N979AN","ORD","15:00"
"AA","07/04/2021","1320","N575UW","DFW","09:02"
"AA","07/04/2021","1321","N507AY","DFW","14:44"
"AA","07/04/2021","1328","N316RK","CLT","09:56"
"AA","07/04/2021","1379","N925UY","LAX","17:37"
"AA","07/04/2021","1404","N807AW","PHX","06:10"
"AA","07/04/2021","1475","N876NN","CLT","14:04"
"AA","07/04/2021","2142","N124AA","DFW","12:50"
"AA","07/04/2021","2357","N132AN","DFW","10:45"
"AA","07/04/2021","2363","N165NN","ORD","17:50"
"AA","07/04/2021","2367","N324RN","MIA","13:55"
"AA","07/04/2021","2368","N918US","ORD","12:06"
"AA","07/04/2021","2771","N923AN","ORD","06:19"
"AA","07/04/2021","2859","N510UW","PHL","11:58"
"AA","07/05/2021","0527","N914UY","PHX","08:55"
"AA","07/05/2021","0573","N881NN","CLT","06:55"
"AA","07/05/2021","0794","N200NV","LAX","14:42"
"AA","07/05/2021","0850","N939NN","LAX","19:03"
"AA","07/05/2021","0867","N996NN","LAX","06:00"
"AA","07/05/2021","1094","N910AU","DFW","16:42"
"AA","07/05/2021","1222","N523UW","DFW","08:00"
"AA","07/05/2021","1316","N913NN","CLT","11:44"
"AA","07/05/2021","1317","N987NN","ORD","20:28"
"AA","07/05/2021","1320","N172US","DFW","09:02"
"AA","07/05/2021","1321","N934AA","DFW","14:44"
"AA","07/05/2021","1322","N196UW","DFW","18:36"
"AA","07/05/2021","1328","N582UW","CLT","09:56"
"AA","07/05/2021","1332","N150NN","PHX","13:34"
"AA","07/05/2021","1379","N536UW","LAX","17:37"
"AA","07/05/2021","1475","N949NN","CLT","14:04"
"AA","07/05/2021","1654","N922AN","CLT","00:53"
"AA","07/05/2021","1713","N981AN","PHL","13:30"
"AA","07/05/2021","2142","N507AY","DFW","12:50"
"AA","07/05/2021","2235","N829NN","DFW","19:55"
"AA","07/05/2021","2357","N563UW","DFW","10:45"
"AA","07/05/2021","2361","N153AN","ORD","14:41"
"AA","07/05/2021","2363","N132AN","ORD","17:50"
"AA","07/05/2021","2367","N339SU","MIA","13:55"
"AA","07/05/2021","2368","N183UW","ORD","12:06"
"AA","07/05/2021","2372","N849NN","CLT","15:56"
"AA","07/05/2021","2580","N981UY","DFW","07:00"
"AA","07/05/2021","2672","N972UY","PHL","07:20"
"AA","07/05/2021","2771","N855NN","ORD","06:19"
"AA","07/05/2021","2859","N987AN","PHL","11:58"
"AA","07/06/2021","0500","N940AN","MIA","00:45"
"AA","07/06/2021","0527","N155UW","PHX","08:55"
"AA","07/06/2021","0573","N994NN","CLT","06:55"
"AA","07/06/2021","0850","N317PG","LAX","19:03"
"AA","07/06/2021","0867","N355PU","LAX","06:00"
"AA","07/06/2021","1067","N166NN","DFW","06:00"
"AA","07/06/2021","1094","N157AA","DFW","16:42"
"AA","07/06/2021","1222","N521UW","DFW","08:00"
"AA","07/06/2021","1316","N948AN","CLT","11:44"
"AA","07/06/2021","1317","N877NN","ORD","20:28"
"AA","07/06/2021","1320","N150UW","DFW","09:02"
"AA","07/06/2021","1321","N907AA","DFW","14:44"
"AA","07/06/2021","1322","N916US","DFW","18:36"
"AA","07/06/2021","1328","N162UW","CLT","09:56"
"AA","07/06/2021","1332","N989AU","PHX","13:34"
"AA","07/06/2021","1379","N539UW","LAX","17:37"
"AA","07/06/2021","1404","N180US","PHX","06:10"
"AA","07/06/2021","1654","N979AN","CLT","00:53"
"AA","07/06/2021","2142","N154AA","DFW","12:50"
"AA","07/06/2021","2235","N931NN","DFW","19:55"
"AA","07/06/2021","2357","N545UW","DFW","10:45"
"AA","07/06/2021","2361","N928AM","ORD","14:41"
"AA","07/06/2021","2363","N986AN","ORD","17:50"
"AA","07/06/2021","2367","N918NN","MIA","13:55"
"AA","07/06/2021","2368","N913US","ORD","12:06"
"AA","07/06/2021","2580","N519UW","DFW","07:00"
"AA","07/06/2021","2672","N154UW","PHL","07:20"
"AA","07/06/2021","2771","N857NN","ORD","06:19"
"AA","07/06/2021","2859","N995NN","PHL","11:58"
"AA","07/06/2021","2923","N763US","PHX","17:05"
"AA","07/07/2021","0500","N853NN","MIA","00:45"
"AA","07/07/2021","0527","N576UW","PHX","08:55"
"AA","07/07/2021","0573","N977NN","CLT","06:55"
"AA","07/07/2021","0794","N338PK","LAX","14:42"
"AA","07/07/2021","0850","N306NY","LAX","19:03"
"AA","07/07/2021","0867","N978NN","LAX","06:00"
"AA","07/07/2021","1067","N152AA","DFW","06:00"
"AA","07/07/2021","1094","N150NN","DFW","16:42"
"AA","07/07/2021","1222","N540UW","DFW","08:00"
"AA","07/07/2021","1316","N959AN","CLT","11:44"
"AA","07/07/2021","1317","N923AN","ORD","20:28"
"AA","07/07/2021","1320","N587UW","DFW","09:02"
"AA","07/07/2021","1321","N932AM","DFW","14:44"
"AA","07/07/2021","1322","N549UW","DFW","18:36"
"AA","07/07/2021","1328","N975UY","CLT","09:56"
"AA","07/07/2021","1332","N128AN","PHX","13:34"
"AA","07/07/2021","1379","N165US","LAX","17:37"
"AA","07/07/2021","1404","N982VJ","PHX","06:10"
"AA","07/07/2021","1475","N809NN","CLT","14:04"
"AA","07/07/2021","1654","N956AN","CLT","00:53"
"AA","07/07/2021","2142","N901AA","DFW","12:50"
"AA","07/07/2021","2235","N996NN","DFW","19:55"
"AA","07/07/2021","2357","N926UW","DFW","10:45"
"AA","07/07/2021","2361","N904AA","ORD","14:41"
"AA","07/07/2021","2363","N163AA","ORD","17:50"
"AA","07/07/2021","2367","N316RK","MIA","13:55"
"AA","07/07/2021","2368","N563UW","ORD","12:06"
"AA","07/07/2021","2372","N934NN","CLT","15:56"
"AA","07/07/2021","2580","N970UY","DFW","07:00"
"AA","07/07/2021","2672","N199UW","PHL","07:20"
"AA","07/07/2021","2771","N837NN","ORD","06:19"
"AA","07/07/2021","2859","N987NN","PHL","11:58"
"AA","07/07/2021","2923","N833AW","PHX","17:05"
"AA","07/08/2021","0500","N970AN","MIA","00:45"
"AA","07/08/2021","0527","N507AY","PHX","08:55"
"AA","07/08/2021","0573","N342PM","CLT","06:55"
"AA","07/08/2021","0794","N956NN","LAX","14:42"
"AA","07/08/2021","0850","N957NN","LAX","19:03"
"AA","07/08/2021","0867","N893NN","LAX","06:00"
"AA","07/08/2021","1067","N989AU","DFW","06:00"
"AA","07/08/2021","1094","N155NN","DFW","16:42"
"AA","07/08/2021","1222","N919US","DFW","08:00"
"AA","07/08/2021","1316","N947AN","CLT","11:44"
"AA","07/08/2021","1317","N972AN","ORD","20:28"
"AA","07/08/2021","1320","N519UW","DFW","09:02"
"AA","07/08/2021","1321","N931AM","DFW","14:44"
"AA","07/08/2021","1322","N179UW","DFW","18:36"
"AA","07/08/2021","1328","N150UW","CLT","09:56"
"AA","07/08/2021","1332","N991AU","PHX","13:34"
"AA","07/08/2021","1379","N507AY","LAX","17:37"
"AA","07/08/2021","1404","N542UW","PHX","06:10"
"AA","07/08/2021","1475","N845NN","CLT","14:04"
"AA","07/08/2021","1654","N986NN","CLT","00:53"
"AA","07/08/2021","2142","N152AA","DFW","12:50"
"AA","07/08/2021","2235","N917NN","DFW","19:55"
"AA","07/08/2021","2357","N552UW","DFW","10:45"
"AA","07/08/2021","2361","N932AM","ORD","14:41"
"AA","07/08/2021","2363","N124AA","ORD","17:50"
"AA","07/08/2021","2367","N308RD","MIA","13:55"
"AA","07/08/2021","2368","N563UW","ORD","12:06"
"AA","07/08/2021","2372","N804NN","CLT","15:56"
"AA","07/08/2021","2580","N572UW","DFW","07:00"
"AA","07/08/2021","2672","N186US","PHL","07:20"
"AA","07/08/2021","2771","N949AN","ORD","06:19"
"AA","07/08/2021","2859","N950NN","PHL","11:58"
"AA","07/08/2021","2923","N839AW","PHX","17:05"
"AA","07/09/2021","0500","N964AN","MIA","00:45"
"AA","07/09/2021","0527","N560UW","PHX","08:55"
"AA","07/09/2021","0573","N980NN","CLT","06:55"
"AA","07/09/2021","0794","N959AN","LAX","14:42"
"AA","07/09/2021","0850","N988NN","LAX","19:03"
"AA","07/09/2021","0867","N955NN","LAX","06:00"
"AA","07/09/2021","1067","N155NN","DFW","06:00"
"AA","07/09/2021","1094","N125AA","DFW","16:42"
"AA","07/09/2021","1222","N154UW","DFW","08:00"
"AA","07/09/2021","1316","N976NN","CLT","11:44"
"AA","07/09/2021","1317","N904NN","ORD","20:28"
"AA","07/09/2021","1320","N926UW","DFW","09:02"
"AA","07/09/2021","1321","N909AM","DFW","14:44"
"AA","07/09/2021","1322","N920US","DFW","18:36"
"AA","07/09/2021","1328","N581UW","CLT","09:56"
"AA","07/09/2021","1332","N139AN","PHX","13:34"
"AA","07/09/2021","1379","N538UW","LAX","17:37"
"AA","07/09/2021","1404","N176UW","PHX","06:10"
"AA","07/09/2021","1475","N917NN","CLT","14:04"
"AA","07/09/2021","1654","N920NN","CLT","00:53"
"AA","07/09/2021","2142","N137AA","DFW","12:50"
"AA","07/09/2021","2235","N967AN","DFW","19:55"
"AA","07/09/2021","2357","N133AN","DFW","10:45"
"AA","07/09/2021","2361","N166NN","ORD","14:41"
"AA","07/09/2021","2363","N904AA","ORD","17:50"
"AA","07/09/2021","2367","N338RS","MIA","13:55"
"AA","07/09/2021","2368","N582UW","ORD","12:06"
"AA","07/09/2021","2372","N800NN","CLT","15:56"
"AA","07/09/2021","2580","N970UY","DFW","07:00"
"AA","07/09/2021","2672","N563UW","PHL","07:20"
"AA","07/09/2021","2771","N945AN","ORD","06:19"
"AA","07/09/2021","2859","N951NN","PHL","11:58"
"AA","07/09/2021","2923","N772XF","PHX","17:05"
"AA","07/10/2021","0500","N830NN","MIA","00:45"
"AA","07/10/2021","0527","N183UW","PHX","08:55"
"AA","07/10/2021","0573","N859NN","CLT","06:55"
"AA","07/10/2021","0794","N951NN","LAX","14:42"
"AA","07/10/2021","0867","N342PM","LAX","06:00"
"AA","07/10/2021","1067","N906AA","DFW","06:00"
"AA","07/10/2021","1222","N975UY","DFW","08:00"
"AA","07/10/2021","1316","N873NN","CLT","11:44"
"AA","07/10/2021","1317","N919NN","ORD","20:28"
"AA","07/10/2021","1320","N587UW","DFW","09:02"
"AA","07/10/2021","1321","N129AA","DFW","14:44"
"AA","07/10/2021","1322","N163US","DFW","18:36"
"AA","07/10/2021","1328","N913US","CLT","09:56"
"AA","07/10/2021","1332","N933AM","PHX","13:34"
"AA","07/10/2021","1379","N585UW","LAX","17:37"
"AA","07/10/2021","1404","N543UW","PHX","06:10"
"AA","07/10/2021","1475","N868NN","CLT","14:04"
"AA","07/10/2021","1654","N835NN","CLT","00:53"
"AA","07/10/2021","2142","N154AA","DFW","12:50"
"AA","07/10/2021","2235","N958NN","DFW","19:55"
"AA","07/10/2021","2357","N507AY","DFW","10:45"
"AA","07/10/2021","2361","N148AN","ORD","14:41"
"AA","07/10/2021","2363","N151AN","ORD","17:50"
"AA","07/10/2021","2367","N920NN","MIA","13:55"
"AA","07/10/2021","2368","N199UW","ORD","12:06"
"AA","07/10/2021","2372","N926NN","CLT","15:56"
"AA","07/10/2021","2580","N579UW","DFW","07:00"
"AA","07/10/2021","2672","N195UW","PHL","07:20"
"AA","07/10/2021","2771","N359PX","ORD","06:19"
"AA","07/10/2021","2859","N335PH","PHL","11:58"
"AA","07/10/2021","2923","N754UW","PHX","17:05"
"AA","07/11/2021","0500","N980AN","MIA","00:45"
"AA","07/11/2021","0527","N972UY","PHX","08:55"
"AA","07/11/2021","0573","N961NN","CLT","06:55"
"AA","07/11/2021","0850","N971NN","LAX","19:03"
"AA","07/11/2021","0867","N960NN","LAX","06:00"
"AA","07/11/2021","1067","N991AU","DFW","06:00"
"AA","07/11/2021","1094","N156AN","DFW","16:42"
"AA","07/11/2021","1222","N927UW","DFW","08:00"
"AA","07/11/2021","1316","N346PR","CLT","11:44"
"AA","07/11/2021","1317","N875NN","ORD","20:28"
"AA","07/11/2021","1320","N157UW","DFW","09:02"
"AA","07/11/2021","1321","N135NN","DFW","14:44"
"AA","07/11/2021","1322","N161UW","DFW","18:36"
"AA","07/11/2021","1328","N549UW","CLT","09:56"
"AA","07/11/2021","1332","N160AN","PHX","13:34"
"AA","07/11/2021","1379","N123NN","LAX","17:37"
"AA","07/11/2021","1404","N912UY","PHX","06:10"
"AA","07/11/2021","1475","N877NN","CLT","14:04"
"AA","07/11/2021","1654","N864NN","CLT","00:53"
"AA","07/11/2021","2142","N152AA","DFW","12:50"
"AA","07/11/2021","2235","N837NN","DFW","19:55"
"AA","07/11/2021","2357","N510UW","DFW","10:45"
"AA","07/11/2021","2361","N905AU","ORD","14:41"
"AA","07/11/2021","2363","N140AN","ORD","17:50"
"AA","07/11/2021","2367","N329SL","MIA","13:55"
"AA","07/11/2021","2368","N176UW","ORD","12:06"
"AA","07/11/2021","2372","N988NN","CLT","15:56"
"AA","07/11/2021","2580","N921US","DFW","07:00"
"AA","07/11/2021","2672","N182UW","PHL","07:20"
"AA","07/11/2021","2771","N952NN","ORD","06:19"
"AA","07/11/2021","2859","N994NN","PHL","11:58"
"AA","07/11/2021","2923","N775XF","PHX","17:05"
"AA","07/12/2021","0500","N840NN","MIA","00:45"
"AA","07/12/2021","0527","N177US","PHX","08:55"
"AA","07/12/2021","0573","N301NW","CLT","06:55"
"AA","07/12/2021","0794","N994NN","LAX","14:42"
"AA","07/12/2021","0850","N985NN","LAX","19:03"
"AA","07/12/2021","0867","N967NN","LAX","06:00"
"AA","07/12/2021","1067","N910AU","DFW","06:00"
"AA","07/12/2021","1094","N129AA","DFW","16:42"
"AA","07/12/2021","1222","N923US","DFW","08:00"
"AA","07/12/2021","1316","N962NN","CLT","11:44"
"AA","07/12/2021","1317","N861NN","ORD","20:28"
"AA","07/12/2021","1320","N178US","DFW","09:02"
"AA","07/12/2021","1321","N124AA","DFW","14:44"
"AA","07/12/2021","1322","N553UW","DFW","18:36"
"AA","07/12/2021","1328","N180US","CLT","09:56"
"AA","07/12/2021","1332","N934AA","PHX","13:34"
"AA","07/12/2021","1379","N585UW","LAX","17:37"
"AA","07/12/2021","1404","N584UW","PHX","06:10"
"AA","07/12/2021","1475","N951NN","CLT","14:04"
"AA","07/12/2021","1654","N959NN","CLT","00:53"
"AA","07/12/2021","2142","N991AU","DFW","12:50"
"AA","07/12/2021","2235","N863NN","DFW","19:55"
"AA","07/12/2021","2357","N554UW","DFW","10:45"
"AA","07/12/2021","2361","N163AA","ORD","14:41"
"AA","07/12/2021","2363","N917UY","ORD","17:50"
"AA","07/12/2021","2367","N302SS","MIA","13:55"
"AA","07/12/2021","2368","N925UY","ORD","12:06"
"AA","07/12/2021","2372","N903NN","CLT","15:56"
"AA","07/12/2021","2580","N151UW","DFW","07:00"
"AA","07/12/2021","2672","N918US","PHL","07:20"
"AA","07/12/2021","2771","N909NN","ORD","06:19"
"AA","07/12/2021","2859","N306NY","PHL","11:58"
"AA","07/12/2021","2923","N762US","PHX","17:05"
"AA","07/13/2021","0500","N964AN","MIA","00:45"
"AA","07/13/2021","0527","N538UW","PHX","08:55"
"AA","07/13/2021","0573","N980NN","CLT","06:55"
"AA","07/13/2021","0850","N339PL","LAX","19:03"
"AA","07/13/2021","0867","N985NN","LAX","06:00"
"AA","07/13/2021","1067","N134AN","DFW","06:00"
"AA","07/13/2021","1094","N903AA","DFW","16:42"
"AA","07/13/2021","1222","N583UW","DFW","08:00"
"AA","07/13/2021","1316","N973AN","CLT","11:44"
"AA","07/13/2021","1317","N841NN","ORD","20:28"
"AA","07/13/2021","1320","N509AY","DFW","09:02"
"AA","07/13/2021","1321","N119NN","DFW","14:44"
"AA","07/13/2021","1322","N924US","DFW","18:36"
"AA","07/13/2021","1328","N912UY","CLT","09:56"
"AA","07/13/2021","1332","N156AN","PHX","13:34"
"AA","07/13/2021","1379","N972UY","LAX","17:37"
"AA","07/13/2021","1404","N573UW","PHX","06:10"
"AA","07/13/2021","1475","N929NN","CLT","14:04"
"AA","07/13/2021","1654","N885NN","CLT","00:53"
"AA","07/13/2021","2142","N164NN","DFW","12:50"
"AA","07/13/2021","2235","N883NN","DFW","19:55"
"AA","07/13/2021","2357","N921US","DFW","10:45"
"AA","07/13/2021","2361","N188US","ORD","14:41"
"AA","07/13/2021","2363","N928AM","ORD","17:50"
"AA","07/13/2021","2367","N335RT","MIA","13:55"
"AA","07/13/2021","2368","N977UY","ORD","12:06"
"AA","07/13/2021","2372","N969AN","CLT","15:56"
"AA","07/13/2021","2580","N927UW","DFW","07:00"
"AA","07/13/2021","2672","N173US","PHL","07:20"
"AA","07/13/2021","2771","N925NN","ORD","06:19"
"AA","07/13/2021","2859","N964NN","PHL","11:58"
"AA","07/13/2021","2923","N756US","PHX","17:05"
"AA","07/14/2021","0500","N844NN","MIA","00:45"
"AA","07/14/2021","0527","N535UW","PHX","08:55"
"AA","07/14/2021","0573","N337PJ","CLT","06:55"
"AA","07/14/2021","0794","N945NN","LAX","14:42"
"AA","07/14/2021","0850","N939NN","LAX","19:03"
"AA","07/14/2021","0867","N315PE","LAX","06:00"
"AA","07/14/2021","1067","N903AA","DFW","06:00"
"AA","07/14/2021","1094","N901AA","DFW","16:42"
"AA","07/14/2021","1222","N977UY","DFW","08:00"
"AA","07/14/2021","1316","N837NN","CLT","11:44"
"AA","07/14/2021","1317","N895NN","ORD","20:28"
"AA","07/14/2021","1320","N174US","DFW","09:02"
"AA","07/14/2021","1321","N148AN","DFW","14:44"
"AA","07/14/2021","1322","N973UY","DFW","18:36"
"AA","07/14/2021","1328","N918US","CLT","09:56"
"AA","07/14/2021","1332","N542UW","PHX","13:34"
"AA","07/14/2021","1379","N179UW","LAX","17:37"
"AA","07/14/2021","1404","N554UW","PHX","06:10"
"AA","07/14/2021","1475","N801NN","CLT","14:04"
"AA","07/14/2021","1654","N964AN","CLT","00:53"
"AA","07/14/2021","2142","N920US","DFW","12:50"
"AA","07/14/2021","2235","N927NN","DFW","19:55"
"AA","07/14/2021","2357","N161UW","DFW","10:45"
"AA","07/14/2021","2361","N120EE","ORD","14:41"
"AA","07/14/2021","2363","N149AN","ORD","17:50"
"AA","07/14/2021","2367","N334SM","MIA","13:55"
"AA","07/14/2021","2368","N192UW","ORD","12:06"
"AA","07/14/2021","2372","N935NN","CLT","15:56"
"AA","07/14/2021","2580","N913US","DFW","07:00"
"AA","07/14/2021","2672","N196UW","PHL","07:20"
"AA","07/14/2021","2771","N821NN","ORD","06:19"
"AA","07/14/2021","2859","N335PH","PHL","11:58"
"AA","07/14/2021","2923","N762US","PHX","17:05"
"AA","07/15/2021","0500","N934NN","MIA","00:45"
"AA","07/15/2021","0527","N971UY","PHX","08:55"
"AA","07/15/2021","0573","N837NN","CLT","06:55"
"AA","07/15/2021","0794","N335PH","LAX","14:42"
"AA","07/15/2021","0850","N953NN","LAX","19:03"
"AA","07/15/2021","0867","N848NN","LAX","06:00"
"AA","07/15/2021","1067","N167AN","DFW","06:00"
"AA","07/15/2021","1094","N165NN","DFW","16:42"
"AA","07/15/2021","1222","N582UW","DFW","08:00"
"AA","07/15/2021","1316","N949NN","CLT","11:44"
"AA","07/15/2021","1317","N975AN","ORD","20:28"
"AA","07/15/2021","1320","N151UW","DFW","09:02"
"AA","07/15/2021","1321","N163AA","DFW","14:44"
"AA","07/15/2021","1322","N572UW","DFW","18:36"
"AA","07/15/2021","1328","N924US","CLT","09:56"
"AA","07/15/2021","1332","N932AM","PHX","13:34"
"AA","07/15/2021","1379","N509AY","LAX","17:37"
"AA","07/15/2021","1404","N542UW","PHX","06:10"
"AA","07/15/2021","1475","N913NN","CLT","14:04"
"AA","07/15/2021","1654","N868NN","CLT","00:53"
"AA","07/15/2021","2142","N152AA","DFW","12:50"
"AA","07/15/2021","2235","N937NN","DFW","19:55"
"AA","07/15/2021","2357","N165US","DFW","10:45"
"AA","07/15/2021","2361","N148AN","ORD","14:41"
"AA","07/15/2021","2363","N909AM","ORD","17:50"
"AA","07/15/2021","2367","N314RH","MIA","13:55"
"AA","07/15/2021","2368","N199UW","ORD","12:06"
"AA","07/15/2021","2372","N907AN","CLT","15:56"
"AA","07/15/2021","2580","N545UW","DFW","07:00"
"AA","07/15/2021","2672","N540UW","PHL","07:20"
"AA","07/15/2021","2771","N819NN","ORD","06:19"
"AA","07/15/2021","2859","N820NN","PHL","11:58"
"AA","07/15/2021","2923","N740UW","PHX","17:05"
"AA","07/16/2021","0500","N880NN","MIA","00:45"
"AA","07/16/2021","0527","N536UW","PHX","08:55"
"AA","07/16/2021","0573","N832NN","CLT","06:55"
"AA","07/16/2021","0794","N885NN","LAX","14:42"
"AA","07/16/2021","0850","N814NN","LAX","19:03"
"AA","07/16/2021","0867","N878NN","LAX","06:00"
"AA","07/16/2021","1067","N125AA","DFW","06:00"
"AA","07/16/2021","1094","N903AA","DFW","16:42"
"AA","07/16/2021","1222","N165US","DFW","08:00"
"AA","07/16/2021","1316","N825NN","CLT","11:44"
"AA","07/16/2021","1317","N996NN","ORD","20:28"
"AA","07/16/2021","1320","N189UW","DFW","09:02"
"AA","07/16/2021","1321","N132AN","DFW","14:44"
"AA","07/16/2021","1322","N972UY","DFW","18:36"
"AA","07/16/2021","1328","N981UY","CLT","09:56"
"AA","07/16/2021","1332","N904AA","PHX","13:34"
"AA","07/16/2021","1379","N918US","LAX","17:37"
"AA","07/16/2021","1404","N980UY","PHX","06:10"
"AA","07/16/2021","1475","N968AN","CLT","14:04"
"AA","07/16/2021","1654","N804NN","CLT","00:53"
"AA","07/16/2021","2142","N167AN","DFW","12:50"
"AA","07/16/2021","2235","N819NN","DFW","19:55"
"AA","07/16/2021","2357","N559UW","DFW","10:45"
"AA","07/16/2021","2361","N991AU","ORD","14:41"
"AA","07/16/2021","2363","N192UW","ORD","17:50"
"AA","07/16/2021","2367","N302SA","MIA","13:55"
"AA","07/16/2021","2368","N510UW","ORD","12:06"
"AA","07/16/2021","2372","N820NN","CLT","15:56"
"AA","07/16/2021","2580","N920US","DFW","07:00"
"AA","07/16/2021","2672","N199UW","PHL","07:20"
"AA","07/16/2021","2771","N946NN","ORD","06:19"
"AA","07/16/2021","2859","N309PC","PHL","11:58"
"AA","07/16/2021","2923","N750UW","PHX","17:05"
"AA","07/17/2021","0500","N894NN","MIA","00:45"
"AA","07/17/2021","0527","N195UW","PHX","08:55"
"AA","07/17/2021","0573","N939NN","CLT","06:55"
"AA","07/17/2021","0794","N899NN","LAX","14:42"
"AA","07/17/2021","0867","N343PN","LAX","06:00"
"AA","07/17/2021","1067","N901AA","DFW","06:00"
"AA","07/17/2021","1094","N933AM","DFW","16:42"
"AA","07/17/2021","1222","N908AA","DFW","08:00"
"AA","07/17/2021","1316","N909NN","CLT","11:44"
"AA","07/17/2021","1317","N938NN","ORD","20:28"
"AA","07/17/2021","1320","N979UY","DFW","09:02"
"AA","07/17/2021","1321","N993AN","DFW","14:44"
"AA","07/17/2021","1322","N914UY","DFW","18:36"
"AA","07/17/2021","1328","N573UW","CLT","09:56"
"AA","07/17/2021","1332","N145AN","PHX","13:34"
"AA","07/17/2021","1379","N178US","LAX","17:37"
"AA","07/17/2021","1404","N189UW","PHX","06:10"
"AA","07/17/2021","1475","N944AN","CLT","14:04"
"AA","07/17/2021","1654","N812NN","CLT","00:53"
"AA","07/17/2021","2142","N136AN","DFW","12:50"
"AA","07/17/2021","2235","N859NN","DFW","19:55"
"AA","07/17/2021","2357","N912UY","DFW","10:45"
"AA","07/17/2021","2361","N119NN","ORD","14:41"
"AA","07/17/2021","2363","N908AA","ORD","17:50"
"AA","07/17/2021","2367","N308RD","MIA","13:55"
"AA","07/17/2021","2368","N182UW","ORD","12:06"
"AA","07/17/2021","2372","N887NN","CLT","15:56"
"AA","07/17/2021","2580","N551UW","DFW","07:00"
"AA","07/17/2021","2672","N171US","PHL","07:20"
"AA","07/17/2021","2771","N346PR","ORD","06:19"
"AA","07/17/2021","2859","N807NN","PHL","11:58"
"AA","07/17/2021","2923","N769US","PHX","17:05"
"AA","07/18/2021","0500","N863NN","MIA","00:45"
"AA","07/18/2021","0527","N582UW","PHX","08:55"
"AA","07/18/2021","0573","N962AN","CLT","06:55"
"AA","07/18/2021","0850","N915NN","LAX","19:03"
"AA","07/18/2021","0867","N854NN","LAX","06:00"
"AA","07/18/2021","1067","N578UW","DFW","06:00"
"AA","07/18/2021","1094","N123NN","DFW","16:42"
"AA","07/18/2021","1222","N914UY","DFW","08:00"
"AA","07/18/2021","1316","N851NN","CLT","11:44"
"AA","07/18/2021","1317","N919NN","ORD","20:28"
"AA","07/18/2021","1320","N536UW","DFW","09:02"
"AA","07/18/2021","1321","N934AA","DFW","14:44"
"AA","07/18/2021","1322","N538UW","DFW","18:36"
"AA","07/18/2021","1328","N583UW","CLT","09:56"
"AA","07/18/2021","1332","N148AN","PHX","13:34"
"AA","07/18/2021","1379","N916US","LAX","17:37"
"AA","07/18/2021","1404","N194UW","PHX","06:10"
"AA","07/18/2021","1475","N962NN","CLT","14:04"
"AA","07/18/2021","1654","N844NN","CLT","00:53"
"AA","07/18/2021","2142","N156AN","DFW","12:50"
"AA","07/18/2021","2235","N882NN","DFW","19:55"
"AA","07/18/2021","2357","N586UW","DFW","10:45"
"AA","07/18/2021","2361","N904AA","ORD","14:41"
"AA","07/18/2021","2363","N421UW","ORD","17:50"
"AA","07/18/2021","2367","N323RM","MIA","13:55"
"AA","07/18/2021","2368","N996AN","ORD","12:06"
"AA","07/18/2021","2372","N956AN","CLT","15:56"
"AA","07/18/2021","2580","N195UW","DFW","07:00"
"AA","07/18/2021","2672","N915US","PHL","07:20"
"AA","07/18/2021","2771","N990NN","ORD","06:19"
"AA","07/18/2021","2859","N315PE","PHL","11:58"
"AA","07/18/2021","2923","N521UW","PHX","17:05"
"AA","07/19/2021","0500","N935NN","MIA","00:45"
"AA","07/19/2021","0527","N919US","PHX","08:55"
"AA","07/19/2021","0573","N823NN","CLT","06:55"
"AA","07/19/2021","0794","N315PE","LAX","14:42"
"AA","07/19/2021","0850","N902NN","LAX","19:03"
"AA","07/19/2021","0867","N840NN","LAX","06:00"
"AA","07/19/2021","1067","N995AN","DFW","06:00"
"AA","07/19/2021","1094","N128AN","DFW","16:42"
"AA","07/19/2021","1222","N172US","DFW","08:00"
"AA","07/19/2021","1316","N889NN","CLT","11:44"
"AA","07/19/2021","1317","N883NN","ORD","20:28"
"AA","07/19/2021","1320","N914UY","DFW","09:02"
"AA","07/19/2021","1321","N909AM","DFW","14:44"
"AA","07/19/2021","1322","N187US","DFW","18:36"
"AA","07/19/2021","1328","N535UW","CLT","09:56"
"AA","07/19/2021","1332","N129AA","PHX","13:34"
"AA","07/19/2021","1379","N151UW","LAX","17:37"
"AA","07/19/2021","1404","N557UW","PHX","06:10"
"AA","07/19/2021","1475","N802NN","CLT","14:04"
"AA","07/19/2021","1654","N877NN","CLT","00:53"
"AA","07/19/2021","2142","N139AN","DFW","12:50"
"AA","07/19/2021","2235","N317PG","DFW","19:55"
"AA","07/19/2021","2357","N912UY","DFW","10:45"
"AA","07/19/2021","2361","N986AN","ORD","14:41"
"AA","07/19/2021","2363","N156AN","ORD","17:50"
"AA","07/19/2021","2367","N324RA","MIA","13:55"
"AA","07/19/2021","2368","N981UY","ORD","12:06"
"AA","07/19/2021","2372","N981AN","CLT","15:56"
"AA","07/19/2021","2580","N912UY","DFW","07:00"
"AA","07/19/2021","2672","N179UW","PHL","07:20"
"AA","07/19/2021","2771","N814NN","ORD","06:19"
"AA","07/19/2021","2859","N960NN","PHL","11:58"
"AA","07/19/2021","2923","N171US","PHX","17:05"
"AA","07/20/2021","0500","N934NN","MIA","00:45"
"AA","07/20/2021","0527","N154UW","PHX","08:55"
"AA","07/20/2021","0573","N932NN","CLT","06:55"
"AA","07/20/2021","0850","N359PX","LAX","19:03"
"AA","07/20/2021","0867","N823NN","LAX","06:00"
"AA","07/20/2021","1067","N925UY","DFW","06:00"
"AA","07/20/2021","1094","N961NN","DFW","16:42"
"AA","07/20/2021","1222","N172US","DFW","08:00"
"AA","07/20/2021","1316","N943NN","CLT","11:44"
"AA","07/20/2021","1317","N827NN","ORD","20:28"
"AA","07/20/2021","1320","N181UW","DFW","09:02"
"AA","07/20/2021","1321","N151AN","DFW","14:44"
"AA","07/20/2021","1322","N979UY","DFW","18:36"
"AA","07/20/2021","1328","N523UW","CLT","09:56"
"AA","07/20/2021","1332","N902AA","PHX","13:34"
"AA","07/20/2021","1379","N507AY","LAX","17:37"
"AA","07/20/2021","1404","N178US","PHX","06:10"
"AA","07/20/2021","1475","N972AN","CLT","14:04"
"AA","07/20/2021","1654","N814NN","CLT","00:53"
"AA","07/20/2021","2142","N929AA","DFW","12:50"
"AA","07/20/2021","2235","N908NN","DFW","19:55"
"AA","07/20/2021","2357","N562UW","DFW","10:45"
"AA","07/20/2021","2361","N118NN","ORD","14:41"
"AA","07/20/2021","2363","N901AA","ORD","17:50"
"AA","07/20/2021","2367","N324RN","MIA","13:55"
"AA","07/20/2021","2368","N162UW","ORD","12:06"
"AA","07/20/2021","2372","N339PL","CLT","15:56"
"AA","07/20/2021","2580","N927UW","DFW","07:00"
"AA","07/20/2021","2672","N579UW","PHL","07:20"
"AA","07/20/2021","2771","N955NN","ORD","06:19"
"AA","07/20/2021","2859","N942NN","PHL","11:58"
"AA","07/20/2021","2923","N834AW","PHX","17:05"
"AA","07/21/2021","0500","N922AN","MIA","00:45"
"AA","07/21/2021","0527","N981UY","PHX","08:55"
"AA","07/21/2021","0573","N991NN","CLT","06:55"
"AA","07/21/2021","0794","N892NN","LAX","14:42"
"AA","07/21/2021","0850","N826NN","LAX","19:03"
"AA","07/21/2021","0867","N923NN","LAX","06:00"
"AA","07/21/2021","1067","N989AU","DFW","06:00"
"AA","07/21/2021","1094","N860NN","DFW","16:42"
"AA","07/21/2021","1222","N536UW","DFW","08:00"
"AA","07/21/2021","1316","N315PE","CLT","11:44"
"AA","07/21/2021","1317","N851NN","ORD","20:28"
"AA","07/21/2021","1320","N587UW","DFW","09:02"
"AA","07/21/2021","1321","N149AN","DFW","14:44"
"AA","07/21/2021","1322","N519UW","DFW","18:36"
"AA","07/21/2021","1328","N150UW","CLT","09:56"
"AA","07/21/2021","1332","N928AM","PHX","13:34"
"AA","07/21/2021","1379","N585UW","LAX","17:37"
"AA","07/21/2021","1404","N162UW","PHX","06:10"
"AA","07/21/2021","1475","N903NN","CLT","14:04"
"AA","07/21/2021","1654","N938NN","CLT","00:53"
"AA","07/21/2021","2142","N933AM","DFW","12:50"
"AA","07/21/2021","2235","N877NN","DFW","19:55"
"AA","07/21/2021","2357","N980UY","DFW","10:45"
"AA","07/21/2021","2361","N156AN","ORD","14:41"
"AA","07/21/2021","2363","N931AM","ORD","17:50"
"AA","07/21/2021","2367","N303RE","MIA","13:55"
"AA","07/21/2021","2368","N188US","ORD","12:06"
"AA","07/21/2021","2372","N975AN","CLT","15:56"
"AA","07/21/2021","2580","N170US","DFW","07:00"
"AA","07/21/2021","2672","N173US","PHL","07:20"
"AA","07/21/2021","2771","N878NN","ORD","06:19"
"AA","07/21/2021","2859","N948NN","PHL","11:58"
"AA","07/21/2021","2923","N825AW","PHX","17:05"
"AA","07/22/2021","0500","N906NN","MIA","00:45"
"AA","07/22/2021","0527","N912UY","PHX","08:55"
"AA","07/22/2021","0573","N959NN","CLT","06:55"
"AA","07/22/2021","0794","N948NN","LAX","14:42"
"AA","07/22/2021","0850","N849NN","LAX","19:03"
"AA","07/22/2021","0867","N979NN","LAX","06:00"
"AA","07/22/2021","1067","N159AN","DFW","06:00"
"AA","07/22/2021","1094","N901AA","DFW","16:42"
"AA","07/22/2021","1222","N534UW","DFW","08:00"
"AA","07/22/2021","1316","N317PG","CLT","11:44"
"AA","07/22/2021","1317","N959AN","ORD","20:28"
"AA","07/22/2021","1320","N162UW","DFW","09:02"
"AA","07/22/2021","1321","N553UW","DFW","14:44"
"AA","07/22/2021","1322","N183UW","DFW","18:36"
"AA","07/22/2021","1328","N556UW","CLT","09:56"
"AA","07/22/2021","1332","N128AN","PHX","13:34"
"AA","07/22/2021","1379","N982VJ","LAX","17:37"
"AA","07/22/2021","1404","N554UW","PHX","06:10"
"AA","07/22/2021","1475","N878NN","CLT","14:04"
"AA","07/22/2021","1654","N964AN","CLT","00:53"
"AA","07/22/2021","2142","N154AA","DFW","12:50"
"AA","07/22/2021","2235","N970AN","DFW","19:55"
"AA","07/22/2021","2357","N545UW","DFW","10:45"
"AA","07/22/2021","2361","N160AN","ORD","14:41"
"AA","07/22/2021","2363","N145AN","ORD","17:50"
"AA","07/22/2021","2367","N308RD","MIA","13:55"
"AA","07/22/2021","2368","N559UW","ORD","12:06"
"AA","07/22/2021","2372","N864NN","CLT","15:56"
"AA","07/22/2021","2580","N549UW","DFW","07:00"
"AA","07/22/2021","2672","N523UW","PHL","07:20"
"AA","07/22/2021","2771","N838NN","ORD","06:19"
"AA","07/22/2021","2859","N994NN","PHL","11:58"
"AA","07/22/2021","2923","N813AW","PHX","17:05"
"AA","07/23/2021","0500","N940AN","MIA","00:45"
"AA","07/23/2021","0527","N584UW","PHX","08:55"
"AA","07/23/2021","0573","N897NN","CLT","06:55"
"AA","07/23/2021","0794","N955NN","LAX","14:42"
"AA","07/23/2021","0850","N355PU","LAX","19:03"
"AA","07/23/2021","0867","N978NN","LAX","06:00"
"AA","07/23/2021","1067","N165NN","DFW","06:00"
"AA","07/23/2021","1094","N122NN","DFW","16:42"
"AA","07/23/2021","1222","N185UW","DFW","08:00"
"AA","07/23/2021","1316","N818NN","CLT","11:44"
"AA","07/23/2021","1317","N877NN","ORD","20:28"
"AA","07/23/2021","1320","N163US","DFW","09:02"
"AA","07/23/2021","1321","N156UW","DFW","14:44"
"AA","07/23/2021","1322","N156UW","DFW","18:36"
"AA","07/23/2021","1328","N549UW","CLT","09:56"
"AA","07/23/2021","1332","N118NN","PHX","13:34"
"AA","07/23/2021","1379","N170US","LAX","17:37"
"AA","07/23/2021","1404","N918US","PHX","06:10"
"AA","07/23/2021","1475","N831NN","CLT","14:04"
"AA","07/23/2021","1654","N995NN","CLT","00:53"
"AA","07/23/2021","2142","N905AU","DFW","12:50"
"AA","07/23/2021","2235","N801NN","DFW","19:55"
"AA","07/23/2021","2357","N162UW","DFW","10:45"
"AA","07/23/2021","2361","N150NN","ORD","14:41"
"AA","07/23/2021","2363","N164NN","ORD","17:50"
"AA","07/23/2021","2367","N303RG","MIA","13:55"
"AA","07/23/2021","2368","N981UY","ORD","12:06"
"AA","07/23/2021","2372","N909NN","CLT","15:56"
"AA","07/23/2021","2580","N989AU","DFW","07:00"
"AA","07/23/2021","2672","N507AY","PHL","07:20"
"AA","07/23/2021","2771","N830NN","ORD","06:19"
"AA","07/23/2021","2859","N811NN","PHL","11:58"
"AA","07/23/2021","2923","N651AW","PHX","17:05"
"AA","07/24/2021","0500","N844NN","MIA","00:45"
"AA","07/24/2021","0527","N568UW","PHX","08:55"
"AA","07/24/2021","0573","N890NN","CLT","06:55"
"AA","07/24/2021","0794","N811NN","LAX","14:42"
"AA","07/24/2021","0867","N962AN","LAX","06:00"
"AA","07/24/2021","1067","N902AA","DFW","06:00"
"AA","07/24/2021","1094","N154AA","DFW","16:42"
"AA","07/24/2021","1222","N587UW","DFW","08:00"
"AA","07/24/2021","1316","N942NN","CLT","11:44"
"AA","07/24/2021","1317","N956AN","ORD","20:28"
"AA","07/24/2021","1320","N156UW","DFW","09:02"
"AA","07/24/2021","1321","N196UW","DFW","14:44"
"AA","07/24/2021","1322","N924US","DFW","18:36"
"AA","07/24/2021","1328","N556UW","CLT","09:56"
"AA","07/24/2021","1332","N148AN","PHX","13:34"
"AA","07/24/2021","1379","N934AA","LAX","17:37"
"AA","07/24/2021","1404","N586UW","PHX","06:10"
"AA","07/24/2021","1475","N902NN","CLT","14:04"
"AA","07/24/2021","1654","N964NN","CLT","00:53"
"AA","07/24/2021","2142","N562UW","DFW","12:50"
"AA","07/24/2021","2235","N873NN","DFW","19:55"
"AA","07/24/2021","2357","N194UW","DFW","10:45"
"AA","07/24/2021","2361","N932AM","ORD","14:41"
"AA","07/24/2021","2363","N996AN","ORD","17:50"
"AA","07/24/2021","2367","N350RV","MIA","13:55"
"AA","07/24/2021","2368","N916US","ORD","12:06"
"AA","07/24/2021","2372","N903NN","CLT","15:56"
"AA","07/24/2021","2580","N559UW","DFW","07:00"
"AA","07/24/2021","2672","N128AN","PHL","07:20"
"AA","07/24/2021","2771","N972AN","ORD","06:19"
"AA","07/24/2021","2859","N989NN","PHL","11:58"
"AA","07/24/2021","2923","N801AW","PHX","17:05"
"AA","07/25/2021","0500","N991AN","MIA","00:45"
"AA","07/25/2021","0527","N173US","PHX","08:55"
"AA","07/25/2021","0573","N991NN","CLT","06:55"
"AA","07/25/2021","0850","N157UW","LAX","19:03"
"AA","07/25/2021","0867","N950NN","LAX","06:00"
"AA","07/25/2021","1067","N159AN","DFW","06:00"
"AA","07/25/2021","1094","N903AA","DFW","16:42"
"AA","07/25/2021","1222","N540UW","DFW","08:00"
"AA","07/25/2021","1316","N163US","CLT","11:44"
"AA","07/25/2021","1317","N962AN","ORD","20:28"
"AA","07/25/2021","1320","N162UW","DFW","09:02"
"AA","07/25/2021","1321","N150NN","DFW","14:44"
"AA","07/25/2021","1322","N920US","DFW","18:36"
"AA","07/25/2021","1328","N919US","CLT","09:56"
"AA","07/25/2021","1332","N989AU","PHX","13:34"
"AA","07/25/2021","1379","N183UW","LAX","17:37"
"AA","07/25/2021","1404","N584UW","PHX","06:10"
"AA","07/25/2021","1475","N338PK","CLT","14:04"
"AA","07/25/2021","1654","N893NN","CLT","00:53"
"AA","07/25/2021","2142","N931AM","DFW","12:50"
"AA","07/25/2021","2235","N807NN","DFW","19:55"
"AA","07/25/2021","2357","N507AY","DFW","10:45"
"AA","07/25/2021","2361","N190UW","ORD","14:41"
"AA","07/25/2021","2363","N147AA","ORD","17:50"
"AA","07/25/2021","2367","N303RE","MIA","13:55"
"AA","07/25/2021","2368","N121AN","ORD","12:06"
"AA","07/25/2021","2372","N969NN","CLT","15:56"
"AA","07/25/2021","2580","N977UY","DFW","07:00"
"AA","07/25/2021","2672","N174US","PHL","07:20"
"AA","07/25/2021","2771","N942NN","ORD","06:19"
"AA","07/25/2021","2859","N960NN","PHL","11:58"
"AA","07/25/2021","2923","N839AW","PHX","17:05"
"AA","07/26/2021","0500","N808NN","MIA","00:45"
"AA","07/26/2021","0527","N161UW","PHX","08:55"
"AA","07/26/2021","0573","N902NN","CLT","06:55"
"AA","07/26/2021","0794","N833NN","LAX","14:42"
"AA","07/26/2021","0850","N960NN","LAX","19:03"
"AA","07/26/2021","0867","N861NN","LAX","06:00"
"AA","07/26/2021","1067","N998AN","DFW","06:00"
"AA","07/26/2021","1094","N151AN","DFW","16:42"
"AA","07/26/2021","1222","N540UW","DFW","08:00"
"AA","07/26/2021","1316","N301NW","CLT","11:44"
"AA","07/26/2021","1317","N949NN","ORD","20:28"
"AA","07/26/2021","1320","N139AN","DFW","09:02"
"AA","07/26/2021","1321","N145AN","DFW","14:44"
"AA","07/26/2021","1322","N194UW","DFW","18:36"
"AA","07/26/2021","1328","N558UW","CLT","09:56"
"AA","07/26/2021","1332","N179UW","PHX","13:34"
"AA","07/26/2021","1379","N977UY","LAX","17:37"
"AA","07/26/2021","1404","N184US","PHX","06:10"
"AA","07/26/2021","1475","N924AN","CLT","14:04"
"AA","07/26/2021","1654","N987NN","CLT","00:53"
"AA","07/26/2021","2142","N160AN","DFW","12:50"
"AA","07/26/2021","2235","N894NN","DFW","19:55"
"AA","07/26/2021","2357","N921US","DFW","10:45"
"AA","07/26/2021","2361","N933AM","ORD","14:41"
"AA","07/26/2021","2363","N904AA","ORD","17:50"
"AA","07/26/2021","2367","N341SV","MIA","13:55"
"AA","07/26/2021","2368","N187US","ORD","12:06"
"AA","07/26/2021","2372","N835NN","CLT","15:56"
"AA","07/26/2021","2580","N915US","DFW","07:00"
"AA","07/26/2021","2672","N585UW","PHL","07:20"
"AA","07/26/2021","2771","N359PX","ORD","06:19"
"AA","07/26/2021","2859","N970NN","PHL","11:58"
"AA","07/26/2021","2923","N774XF","PHX","17:05"
"AA","07/27/2021","0500","N856NN","MIA","00:45"
"AA","07/27/2021","0527","N916US","PHX","08:55"
"AA","07/27/2021","0573","N815NN","CLT","06:55"
"AA","07/27/2021","0850","N955NN","LAX","19:03"
"AA","07/27/2021","0867","N853NN","LAX","06:00"
"AA","07/27/2021","1067","N151AN","DFW","06:00"
"AA","07/27/2021","1094","N160AN","DFW","16:42"
"AA","07/27/2021","1222","N919US","DFW","08:00"
"AA","07/27/2021","1316","N850NN","CLT","11:44"
"AA","07/27/2021","1317","N868NN","ORD","20:28"
"AA","07/27/2021","1320","N918US","DFW","09:02"
"AA","07/27/2021","1321","N900UW","DFW","14:44"
"AA","07/27/2021","1322","N523UW","DFW","18:36"
"AA","07/27/2021","1328","N971UY","CLT","09:56"
"AA","07/27/2021","1332","N164NN","PHX","13:34"
"AA","07/27/2021","1379","N152UW","LAX","17:37"
"AA","07/27/2021","1404","N927UW","PHX","06:10"
"AA","07/27/2021","1475","N881NN","CLT","14:04"
"AA","07/27/2021","1654","N980AN","CLT","00:53"
"AA","07/27/2021","2142","N163AA","DFW","12:50"
"AA","07/27/2021","2235","N956AN","DFW","19:55"
"AA","07/27/2021","2357","N544UW","DFW","10:45"
"AA","07/27/2021","2361","N934AA","ORD","14:41"
"AA","07/27/2021","2363","N931AM","ORD","17:50"
"AA","07/27/2021","2367","N326RP","MIA","13:55"
"AA","07/27/2021","2368","N157UW","ORD","12:06"
"AA","07/27/2021","2372","N939AN","CLT","15:56"
"AA","07/27/2021","2580","N572UW","DFW","07:00"
"AA","07/27/2021","2672","N178US","PHL","07:20"
"AA","07/27/2021","2771","N955AN","ORD","06:19"
"AA","07/27/2021","2859","N954NN","PHL","11:58"
"AA","07/27/2021","2923","N830AW","PHX","17:05"
"AA","07/28/2021","0500","N916NN","MIA","00:45"
"AA","07/28/2021","0527","N173US","PHX","08:55"
"AA","07/28/2021","0573","N806NN","CLT","06:55"
"AA","07/28/2021","0794","N337PJ","LAX","14:42"
"AA","07/28/2021","0850","N344PP","LAX","19:03"
"AA","07/28/2021","0867","N982NN","LAX","06:00"
"AA","07/28/2021","1067","N154AA","DFW","06:00"
"AA","07/28/2021","1094","N906AA","DFW","16:42"
"AA","07/28/2021","1222","N561UW","DFW","08:00"
"AA","07/28/2021","1316","N946AN","CLT","11:44"
"AA","07/28/2021","1317","N980AN","ORD","20:28"
"AA","07/28/2021","1320","N177US","DFW","09:02"
"AA","07/28/2021","1321","N163AA","DFW","14:44"
"AA","07/28/2021","1322","N553UW","DFW","18:36"
"AA","07/28/2021","1328","N194UW","CLT","09:56"
"AA","07/28/2021","1332","N908AA","PHX","13:34"
"AA","07/28/2021","1379","N913US","LAX","17:37"
"AA","07/28/2021","1404","N157UW","PHX","06:10"
"AA","07/28/2021","1475","N891NN","CLT","14:04"
"AA","07/28/2021","1654","N985NN","CLT","00:53"
"AA","07/28/2021","2142","N928AM","DFW","12:50"
"AA","07/28/2021","2235","N876NN","DFW","19:55"
"AA","07/28/2021","2357","N523UW","DFW","10:45"
"AA","07/28/2021","2361","N996AN","ORD","14:41"
"AA","07/28/2021","2363","N930AU","ORD","17:50"
"AA","07/28/2021","2367","N338ST","MIA","13:55"
"AA","07/28/2021","2368","N926UW","ORD","12:06"
"AA","07/28/2021","2372","N304RB","CLT","15:56"
"AA","07/28/2021","2580","N558UW","DFW","07:00"
"AA","07/28/2021","2672","N119NN","PHL","07:20"
"AA","07/28/2021","2771","N850NN","ORD","06:19"
"AA","07/28/2021","2859","N923AN","PHL","11:58"
"AA","07/28/2021","2923","N838AW","PHX","17:05"
"AA","07/29/2021","0500","N992NN","MIA","00:45"
"AA","07/29/2021","0527","N583UW","PHX","08:55"
"AA","07/29/2021","0573","N881NN","CLT","06:55"
"AA","07/29/2021","0794","N893NN","LAX","14:42"
"AA","07/29/2021","0850","N995NN","LAX","19:03"
"AA","07/29/2021","0867","N896NN","LAX","06:00"
"AA","07/29/2021","1067","N150NN","DFW","06:00"
"AA","07/29/2021","1094","N931AM","DFW","16:42"
"AA","07/29/2021","1222","N507AY","DFW","08:00"
"AA","07/29/2021","1316","N825NN","CLT","11:44"
"AA","07/29/2021","1317","N825NN","ORD","20:28"
"AA","07/29/2021","1320","N163US","DFW","09:02"
"AA","07/29/2021","1321","N989AU","DFW","14:44"
"AA","07/29/2021","1322","N161UW","DFW","18:36"
"AA","07/29/2021","1328","N537UW","CLT","09:56"
"AA","07/29/2021","1332","N408AN","PHX","13:34"
"AA","07/29/2021","1379","N543UW","LAX","17:37"
"AA","07/29/2021","1404","N170US","PHX","06:10"
"AA","07/29/2021","1475","N981AN","CLT","14:04"
"AA","07/29/2021","1654","N972AN","CLT","00:53"
"AA","07/29/2021","2142","N141NN","DFW","12:50"
"AA","07/29/2021","2235","N955AN","DFW","19:55"
"AA","07/29/2021","2357","N183UW","DFW","10:45"
"AA","07/29/2021","2361","N998AN","ORD","14:41"
"AA","07/29/2021","2363","N135NN","ORD","17:50"
"AA","07/29/2021","2367","N313SB","MIA","13:55"
"AA","07/29/2021","2368","N179UW","ORD","12:06"
"AA","07/29/2021","2372","N976NN","CLT","15:56"
"AA","07/29/2021","2580","N917UY","DFW","07:00"
"AA","07/29/2021","2672","N154UW","PHL","07:20"
"AA","07/29/2021","2771","N339SU","ORD","06:19"
"AA","07/29/2021","2859","N977NN","PHL","11:58"
"AA","07/29/2021","2923","N746UW","PHX","17:05"
"AA","07/30/2021","0500","N974AN","MIA","00:45"
"AA","07/30/2021","0527","N155UW","PHX","08:55"
"AA","07/30/2021","0573","N316PF","CLT","06:55"
"AA","07/30/2021","0794","N961NN","LAX","14:42"
"AA","07/30/2021","0850","N830NN","LAX","19:03"
"AA","07/30/2021","0867","N972NN","LAX","06:00"
"AA","07/30/2021","1067","N157UW","DFW","06:00"
"AA","07/30/2021","1094","N908AA","DFW","16:42"
"AA","07/30/2021","1222","N912UY","DFW","08:00"
"AA","07/30/2021","1316","N962AN","CLT","11:44"
"AA","07/30/2021","1317","N987AN","ORD","20:28"
"AA","07/30/2021","1320","N524UW","DFW","09:02"
"AA","07/30/2021","1321","N910AU","DFW","14:44"
"AA","07/30/2021","1322","N150NN","DFW","18:36"
"AA","07/30/2021","1328","N153UW","CLT","09:56"
"AA","07/30/2021","1332","N124AA","PHX","13:34"
"AA","07/30/2021","1379","N198UW","LAX","17:37"
"AA","07/30/2021","1404","N584UW","PHX","06:10"
"AA","07/30/2021","1475","N811NN","CLT","14:04"
"AA","07/30/2021","1654","N980AN","CLT","00:53"
"AA","07/30/2021","2142","N150NN","DFW","12:50"
"AA","07/30/2021","2235","N883NN","DFW","19:55"
"AA","07/30/2021","2357","N537UW","DFW","10:45"
"AA","07/30/2021","2361","N989AU","ORD","14:41"
"AA","07/30/2021","2363","N153AN","ORD","17:50"
"AA","07/30/2021","2367","N310RF","MIA","13:55"
"AA","07/30/2021","2368","N925UY","ORD","12:06"
"AA","07/30/2021","2372","N887NN","CLT","15:56"
"AA","07/30/2021","2580","N542UW","DFW","07:00"
"AA","07/30/2021","2672","N926UW","PHL","07:20"
"AA","07/30/2021","2771","N856NN","ORD","06:19"
"AA","07/30/2021","2859","N851NN","PHL","11:58"
"AA","07/30/2021","2923","N817AW","PHX","17:05"
"AA","07/31/2021","0500","N877NN","MIA","00:45"
"AA","07/31/2021","0527","N979UY","PHX","08:55"
"AA","07/31/2021","0573","N811NN","CLT","06:55"
"AA","07/31/2021","0794","N338PK","LAX","14:42"
"AA","07/31/2021","0867","N965AN","LAX","06:00"
"AA","07/31/2021","1067","N123NN","DFW","06:00"
"AA","07/31/2021","1094","N165NN","DFW","16:42"
"AA","07/31/2021","1222","N914UY","DFW","08:00"
"AA","07/31/2021","1316","N567UW","CLT","11:44"
"AA","07/31/2021","1317","N909NN","ORD","20:28"
"AA","07/31/2021","1320","N161UW","DFW","09:02"
"AA","07/31/2021","1321","N142AN","DFW","14:44"
"AA","07/31/2021","1322","N510UW","DFW","18:36"
"AA","07/31/2021","1328","N581UW","CLT","09:56"
"AA","07/31/2021","1332","N162AA","PHX","13:34"
"AA","07/31/2021","1379","N913US","LAX","17:37"
"AA","07/31/2021","1404","N185UW","PHX","06:10"
"AA","07/31/2021","1475","N845NN","CLT","14:04"
"AA","07/31/2021","1654","N342PM","CLT","00:53"
"AA","07/31/2021","2142","N903AA","DFW","12:50"
"AA","07/31/2021","2235","N806NN","DFW","19:55"
"AA","07/31/2021","2357","N523UW","DFW","10:45"
"AA","07/31/2021","2361","N558UW","ORD","14:41"
"AA","07/31/2021","2363","N158AN","ORD","17:50"
"AA","07/31/2021","2367","N350RV","MIA","13:55"
"AA","07/31/2021","2368","N917UY","ORD","12:06"
"AA","07/31/2021","2372","N905NN","CLT","15:56"
"AA","07/31/2021","2580","N919US","DFW","07:00"
"AA","07/31/2021","2672","N578UW","PHL","07:20"
"AA","07/31/2021","2771","N843NN","ORD","06:19"
"AA","07/31/2021","2859","N923NN","PHL","11:58"
"AA","07/31/2021","2923","N757UW","PHX","17:05"
